{"dEta_1_Xhh_1": {"nom": [22.410811519196326, 63.8699213072081, 101.01705045839347, 89.04691629345274, 80.87402414070345, 58.44138063432683, 43.939221101210194, 32.86265429797663, 26.245315568105866, 18.308930160398518, 12.418006869594024, 8.597598338439184, 4.772294496791801, 5.245687605646026], "$Q_N$": [21.584123197785186, 61.796087368628186, 99.2316054543526, 87.81962435882062, 81.63114009832506, 59.39443692348409, 44.94812699159, 33.2416222145597, 26.618357725487073, 18.39535520065138, 12.412565772505701, 8.600723584217462, 4.7222746560993585, 5.140465792219857], "$Q_W$": [21.78655583645283, 61.671550997548074, 99.78936429479775, 88.97863773492523, 81.6497821238879, 59.1857245164084, 44.579614166083374, 33.38797870395014, 26.527107779545148, 18.581055815647503, 12.533691359737958, 8.62864171387426, 4.771874581244447, 5.195261932874672], "$Q_S$": [21.267927243307035, 62.66430447558058, 100.68134320152384, 89.46892229712385, 82.60196947982365, 59.55142979911315, 44.855595422760274, 33.42620469200604, 26.742193307151396, 18.509122539340282, 12.525409473422158, 8.60518416602747, 4.7448331139327, 5.156831670613144], "$Q_E$": [21.82517506797574, 62.002542162173775, 100.6627044409592, 88.47773891385742, 81.72961771368769, 59.207336427159234, 45.00175455865964, 33.513112867958014, 26.60263514590821, 18.584913406950477, 12.529294704846421, 8.5645265427639, 4.741469758982959, 5.1163842537878]}, "dEta_2_Xhh_1": {"nom": [8.623520146560363, 45.92104590371679, 79.22988462823935, 89.42179093114129, 81.12728031272079, 59.72977769681381, 44.3463064060856, 36.26443915866395, 27.739857300877134, 20.290134803969863, 14.395740458405271, 11.559052639373533, 6.576898415083065, 8.672288533457845], "$Q_N$": [8.24932917121929, 43.92098897554644, 77.233811812066, 89.15110334764593, 81.17297521413147, 60.28322562117863, 44.96222120012543, 37.060284771131194, 28.518124668829884, 20.775931756204443, 14.497770262830102, 11.723177128884316, 6.589716640606781, 8.44789445402742], "$Q_W$": [7.687438234482787, 44.09976425273664, 78.24641037618858, 89.145795460154, 81.84969764511936, 60.486704684813716, 45.2569650315413, 36.98928780052458, 28.296732571075523, 20.72420987417786, 14.715706385883564, 11.671424566220338, 6.579325204684139, 8.510036938435647], "$Q_S$": [7.958786087796961, 44.67360358341137, 78.62274336786474, 89.84502727173336, 82.39149502708187, 60.71937703659002, 45.37873893777905, 37.05708605803814, 28.417790057194225, 20.577413701415736, 14.590053606113472, 11.383074518181672, 6.546329424218115, 8.593870903529918], "$Q_E$": [8.399941902330832, 44.64370534287518, 77.95290573489675, 89.1687823851059, 81.53466274020059, 61.39453433699369, 45.519669090212574, 37.134381346315195, 28.20305861517396, 20.710870732841087, 14.535585294700724, 11.658399192289892, 6.544357232613095, 8.609484450717872]}, "dEta_3_Xhh_1": {"nom": [5.802629683607816, 23.846855475168212, 50.91467478969233, 67.83454402973427, 78.14525416039808, 65.30956196366822, 45.56492079807424, 35.03719648729839, 28.03344152529337, 23.92562612237674, 17.849558909412167, 12.152933770802008, 8.55255804059243, 13.026316404413365], "$Q_N$": [5.533244970341375, 23.002528162741942, 49.76261690387901, 67.04095645061213, 78.34654180869185, 66.18403231474366, 46.18537680076754, 35.97046846523649, 28.828728694634407, 24.729612850443218, 18.167814030960784, 12.365768386346673, 8.6395662907441, 12.963743890985313], "$Q_W$": [5.208062928548698, 22.85050603690361, 49.9149220033401, 67.97831800433751, 79.34771358931519, 66.2036867812466, 46.1946654107242, 35.79460822530274, 28.91181083548399, 24.481523516798006, 18.404827274432293, 12.365650179168483, 8.65610929532943, 13.011890813240086], "$Q_S$": [5.258472179260462, 23.130992923593617, 50.60623562303996, 68.43730833792316, 79.09652067460968, 66.27990041867895, 46.527665801352896, 36.076214176599166, 28.646608728471094, 24.52506431850847, 18.288669941531893, 12.445594015129899, 8.56073895889979, 13.035890256065969], "$Q_E$": [5.650904535393492, 22.88427925388236, 50.35896375337159, 68.01805985411117, 79.46374188329264, 66.19820818782972, 46.84486923009912, 36.17176713914458, 29.066444999141098, 24.737740870061117, 18.143268888472164, 12.443801137288318, 8.59528003327955, 12.991250940957372]}, "dEta_1_Xhh_2": {"nom": [37.581318163996, 104.5858569806968, 168.76065483019948, 176.08161827620432, 141.00926814841364, 106.77364765965592, 83.55714795823951, 63.8758275745613, 47.531993078865526, 35.45021851189483, 24.91520447494395, 15.984593806998305, 8.782392971556078, 10.137119187040184], "$Q_N$": [36.6207013766431, 99.6086258073196, 162.27941039763726, 171.6247514311025, 139.47542011022387, 106.32542721389169, 84.86497139348936, 64.74884031764438, 48.15958719996439, 35.7161486926625, 25.129219445058595, 15.890736659339325, 8.743464917611732, 9.90809581589906], "$Q_W$": [33.68946955252815, 101.1213469285952, 166.7802878265861, 175.43128780861568, 141.2410685798141, 107.62581686681517, 85.41546845479135, 64.75010734326128, 47.93912995580786, 35.61031583568226, 25.153973674008625, 15.837636098580901, 8.727148255081119, 9.989130989470567], "$Q_S$": [36.22269601090704, 103.6610748513995, 169.57220299306954, 178.82790034481897, 142.6718850787019, 108.54972621354631, 85.22848532111942, 64.95713369352515, 48.37297149977451, 35.83193661932708, 24.872914542631207, 15.93357707241276, 8.70133461187848, 10.001580369693471], "$Q_E$": [37.2329179821773, 102.43698256868339, 165.35080429699178, 174.27319999080999, 141.07173578669028, 107.50651277144169, 85.59047392671499, 65.19417258733989, 48.01430778127866, 35.58105368017277, 24.90884882895176, 15.932313158456168, 8.6596496834797, 9.84452976327816]}, "dEta_2_Xhh_2": {"nom": [26.8203509251169, 75.00465564040586, 143.38963432070773, 164.53745513226318, 147.67045552436065, 115.23342218265611, 85.03189750147226, 71.42439443458773, 53.97034107432091, 41.451495052820064, 29.364334737554145, 18.396056281270944, 11.621261878169548, 13.797388420563152], "$Q_N$": [26.05868980786264, 71.08434628718283, 138.46807764896323, 160.96021328224063, 145.73177960782138, 115.81564777733465, 86.00163035569409, 73.57005411972625, 55.07121907909922, 42.07690067748783, 29.51022695829846, 18.504368291583148, 11.54037703389804, 13.484863454022161], "$Q_W$": [24.17518403539509, 72.37527016758762, 141.73202629964587, 163.4264499603388, 147.59519335894686, 116.01524295296662, 86.15580971854587, 72.79514585557456, 54.92034436043696, 42.05170127103452, 29.677875991252478, 18.48518333359266, 11.634849848958709, 13.634275034243387], "$Q_S$": [25.263477117545147, 73.8244738138963, 144.13521273232163, 166.7600875505534, 149.81708740653318, 117.04317043117183, 86.7737906551094, 72.69491161132211, 55.085495874422634, 42.057290458590046, 29.396802846175547, 18.548023686127067, 11.615132871868155, 13.668531720236018], "$Q_E$": [26.516871159403305, 73.1113911757493, 142.30211574657517, 163.1955038491504, 147.8784652231157, 116.36746148684406, 86.91050179149943, 73.03629175453065, 55.01126352365526, 42.00271989689787, 29.764111373029493, 18.41767081929396, 11.608161095625235, 13.5506272454341]}, "dEta_3_Xhh_2": {"nom": [16.566397298522666, 40.57926638707386, 88.3233473525309, 122.96025117227217, 137.242073525301, 120.8494392668108, 92.74253519258059, 78.92394172199943, 54.53557313042188, 45.84938367393397, 33.343909224353865, 23.145974598940825, 14.53957437163217, 22.38289880336572], "$Q_N$": [16.016364954681478, 38.04068028356521, 85.8144777876816, 120.62605891790541, 137.35570591510748, 120.91122926507654, 93.43068710774773, 84.52283792256259, 56.15792577486084, 47.51904682947469, 33.99497674042121, 23.717562695687775, 14.643083283733063, 22.417464594067212], "$Q_W$": [13.411504492900981, 38.8692472116754, 87.59214364744459, 122.71364044970443, 138.01189255100002, 121.4622758053649, 93.81867764491886, 80.26961022226993, 55.557716330034026, 46.62623631622026, 34.03987059126189, 23.477602094598268, 14.73160794376605, 22.395463576311244],