{"dEta_1_Xhh_1": {"nom": [27.933132967193636, 105.53926742056797, 171.9156038588039, 161.1354142867017, 140.23933594930236, 94.64953407560142, 72.05095847552616, 53.321667307316375, 38.499129851342786, 27.564791854283612, 18.983721920562516, 10.764901329082136, 7.16444850203834, 7.012476914612762], "$Q_N$": [27.833017685773395, 104.3842764055403, 169.03095146960288, 158.07791089145772, 138.53202502053728, 94.17588486133388, 71.7501081294416, 53.560825442841434, 38.26434071589918, 27.53908450194615, 19.06158261232281, 10.65183773894978, 7.114556393813956, 6.878741460431428], "$Q_W$": [27.875610267346325, 104.63014149504198, 169.13930017781223, 160.15805853416563, 138.58907092333192, 94.64942941483949, 72.05971458922139, 53.19680053401407, 38.42849442731486, 27.63087095860189, 18.876624285395195, 10.705338245893444, 7.027590299216371, 6.87353239401358], "$Q_S$": [27.961052979244883, 105.76793818368171, 172.246834075768, 160.85246113230338, 140.16859328335374, 95.19869996969072, 71.60609509465647, 53.01241859387429, 38.40578694253341, 27.199493198122894, 18.86126943197769, 10.632569351544362, 7.148911895927625, 6.834142097884865], "$Q_E$": [27.994968459447232, 105.42881486072301, 171.01595288926876, 159.2581832593866, 139.82098124178646, 94.33849997306578, 71.87333252155554, 53.16017384053853, 38.25177067447822, 27.194525519608533, 18.817486397381316, 10.654393756308025, 7.029757212384027, 6.855190054216678]}, "dEta_2_Xhh_1": {"nom": [18.159342825268677, 78.27015075654845, 140.8352636513902, 158.08561153497453, 148.0246082037412, 105.37521719295864, 75.99566391774476, 62.08579961052669, 41.89284545444548, 31.359000249569817, 21.18368022373511, 12.816208300684252, 8.565226115552719, 10.234086146764184], "$Q_N$": [17.95892536621975, 77.77296543714709, 138.92932954525966, 156.1290284182155, 145.69681283912075, 103.64082567334185, 75.33597822136164, 61.64565759018535, 41.63555193675896, 31.374648020457272, 21.15174798421603, 12.763246667693664, 8.552108569616365, 10.056520850801434], "$Q_W$": [17.726004343005506, 77.86982245857236, 139.73942964859185, 157.59822998883425, 146.62366839336158, 104.88122125794058, 75.75895966917193, 61.92921031303763, 41.8345111697424, 31.08720489559053, 21.085478560273884, 12.772721903005475, 8.42915412777134, 10.058667916730002], "$Q_S$": [17.903325734961133, 78.33839856806495, 141.11394639519634, 158.65946145359683, 147.7355349195753, 105.36912007670038, 75.87667262061464, 61.79121559092519, 41.74256453676253, 31.254640896161618, 21.17165720403267, 12.644130605674775, 8.441822670661992, 10.079069365060832], "$Q_E$": [18.102395977936194, 77.63945487920179, 139.02048667510962, 156.58214361310775, 147.10773972500613, 104.521100365494, 75.43835158745037, 61.615301366427644, 41.62076243029168, 30.930147792402607, 20.944928578887982, 12.715609109599939, 8.434647024291593, 10.051210005744366]}, "dEta_3_Xhh_1": {"nom": [14.379149340436108, 41.953103425076726, 92.21209948962698, 125.24931549589428, 138.94821124697427, 115.07673706790888, 91.88797844432327, 63.564193016670515, 46.194797521143414, 35.011502217921475, 24.97599489202696, 18.967675717960333, 12.393344876407923, 17.12945367657221], "$Q_N$": [14.034663455373042, 41.36046489963093, 90.70142066634554, 122.90172682501344, 136.09464029219467, 112.94103681216484, 89.53442761210425, 62.09966104580124, 45.584902532912594, 34.58869028275171, 24.69707593613697, 18.78003917794848, 12.249621295482086, 16.81627111096833], "$Q_W$": [14.104341935850213, 41.46222044878334, 91.81417798752993, 124.00641444766265, 137.59848681890233, 113.88608982291639, 90.83971672991774, 62.842038785992855, 45.63490924211314, 34.49145580032629, 24.83293275556136, 18.929667509388906, 12.24612129961966, 16.70781812923758], "$Q_S$": [14.153112230711077, 41.72254740734969, 91.92852267476478, 125.78454199488064, 138.8021336928466, 114.68261678919069, 91.26133907911401, 62.885749637500595, 45.82459893524987, 34.605022989970166, 24.733962425503506, 18.738324960994362, 12.2388930077272, 16.88149981888367], "$Q_E$": [14.308676540403852, 41.830198100925635, 91.58190971958447, 123.38377590218253, 137.06366719022535, 113.23184948993413, 91.18119491871857, 62.43760937433822, 45.42003896518321, 34.49124296686804, 24.538752444140158, 18.713742997852194, 12.030332503777203, 16.751071375422242]}, "dEta_1_Xhh_2": {"nom": [72.26496131187065, 189.80177084516941, 306.19312922827123, 304.4334762800852, 252.20850726135154, 187.53823972716827, 137.88171639365623, 107.23038094360845, 72.71312947008823, 49.2207072041565, 32.7893590892038, 20.72169957873234, 12.999835697829894, 13.984191741374843], "$Q_N$": [71.73191337264893, 186.9267744604813, 297.1153240317102, 295.84329193638035, 246.54610848937165, 184.67023665890855, 137.31417395821848, 107.25212184635103, 73.2276211915302, 49.20326997438599, 32.64218547084863, 20.67028256629078, 12.972995696546604, 13.862689140989062], "$Q_W$": [70.4451766225273, 188.15814040057802, 303.5216805423896, 302.9643248808924, 251.59219229859895, 187.31264515067397, 138.10381501157343, 107.26258558353203, 72.794626853387, 49.104517143349256, 32.72727830553811, 20.535184625592308, 12.876139223300811, 13.75805196619524], "$Q_S$": [73.01417397935651, 191.77930392096386, 308.68834108512715, 305.9002716495126, 253.21780909067377, 187.7620119375335, 138.02554750533574, 107.08372961285988, 72.44006177769575, 49.14983319444565, 32.66994098361994, 20.57999706294021, 12.784871417230875, 13.768230504405437], "$Q_E$": [72.35573289571875, 189.89743380450727, 304.05663390216523, 300.48835621424837, 249.04287033870162, 185.28880936540833, 136.40993156952732, 106.38575795930763, 72.1872100867306, 49.00053516655316, 32.630287332417424, 20.551024395748925, 12.947033723500681, 13.814609555635172]}, "dEta_2_Xhh_2": {"nom": [42.480933962955405, 125.96780161072174, 259.427813278364, 289.8325106859307, 270.58249336457686, 200.35486145623042, 146.63673015715244, 113.74251096342391, 82.96492320575317, 62.85321970017435, 41.70758571499073, 24.803696223810903, 16.367226585398612, 17.87304704435269], "$Q_N$": [42.45790714391381, 124.53976033236806, 253.9011217403226, 280.7971112705156, 262.54378664652734, 195.4081703157791, 144.6421367253492, 113.14433321073795, 82.69520802295233, 62.34685670113549, 41.81610837793221, 24.565554308044796, 16.29158318556938, 17.654228896291613], "$Q_W$": [41.416820700983806, 124.8065947327182, 257.0273586097673, 287.4139317150565, 269.2199426878328, 198.57801888823556, 146.33450483113194, 113.41766952033697, 82.58493140091952, 62.8109766116728, 41.483476039873096, 24.666277969093755, 16.14526869295719, 17.585156050860007], "$Q_S$": [42.244672218940316, 127.30110983898349, 261.7810526800737, 292.28171100177485, 273.09164272975613, 201.00695221115853, 146.08466788718118, 113.2339368675614, 82.6136800726785, 62.39389813906763, 41.45274009135608, 24.56691420990228, 16.15767855114467, 17.615377146389505], "$Q_E$": [42.516163662467385, 126.46068518470322, 257.4603896529336, 285.28370361396276, 266.59843903746685, 197.32651663510694, 144.4564202115876, 113.23257476211995, 81.59990878091679, 62.04379893045558, 41.366267368665945, 24.621599529471837, 16.327330405429336, 17.50533625248397]}, "dEta_3_Xhh_2": {"nom": [21.318247035581138, 77.47675309802104, 154.71568111489893, 232.07217698662657, 258.5358346580065, 227.38463806454718, 178.95943770043505, 128.59880072816486, 97.13322416470714, 66.6153703384648, 47.82326765570883, 31.904521814837153, 22.317767737029953, 31.953654338893557], "$Q_N$": [21.200545577617483, 76.4663196304293, 150.86471081972664, 225.27780661816604, 248.69186084088534, 219.9456239595992, 172.6421718561931, 125.57767703324095, 95.47286083418618, 65.5384166588035, 47.217874982192825, 31.61834890408386, 22.054203747428232, 31.413119485517427],