{"dEta_1_Xhh_1": {"nom": [16.39928343940166, 50.90641577174253, 73.25997953854976, 63.65993106315665, 53.37803108394016, 42.568897047103235, 31.82956743163436, 23.509278351249577, 14.823776114889199, 11.423550129879231, 7.169127615419029, 3.5871285756616658, 2.7910066844231096, 2.485489048231784], "$Q_N$": [16.234336111768155, 50.10277166944697, 73.40060686326929, 63.580314481756155, 53.13332089698082, 42.21313226843584, 31.1131763442842, 23.022774495930165, 14.540240391190878, 11.28156750050563, 7.021634346902999, 3.5389456550607576, 2.790388720484316, 2.5363374799882337], "$Q_W$": [16.40830408060325, 50.53953261746739, 73.41842725859274, 63.94241499943636, 53.03656981610319, 41.988023820734526, 31.524942484315332, 23.189771222518686, 14.56952591823213, 11.342017020461228, 7.221910915847076, 3.5882164468515043, 2.750693253381641, 2.5113440596253582], "$Q_S$": [15.972105222288372, 51.032231770865074, 74.24821163637148, 64.21783261797862, 53.54479646172821, 42.18776254055631, 31.54147590373205, 23.08486028919684, 14.502005320756837, 11.227564540796521, 7.16544252087246, 3.6098795221084288, 2.8084164650870633, 2.5126337928741407], "$Q_E$": [16.25535850321132, 50.8848583195354, 74.29496406154134, 64.56413124181569, 53.669520446567425, 42.0609391319571, 31.028269662624254, 22.844108157331632, 14.404852190233584, 10.885422763909958, 7.108408556154785, 3.570587532419651, 2.706633143743389, 2.4931750299104323]}, "dEta_2_Xhh_1": {"nom": [11.303280547004638, 37.88324015534903, 62.27908753229362, 65.58915326772653, 52.6342415648904, 44.38951484183187, 34.79844950627313, 26.098049034055578, 18.068386518403543, 12.338687883235025, 9.1548673024285, 5.494844739906796, 3.0683806559263758, 3.3301416768763943], "$Q_N$": [11.58339435430845, 37.21187152039039, 61.08227225977239, 66.00352113720986, 52.713157434626396, 44.450272148381174, 34.73223358135634, 25.72059909607333, 17.865820550742598, 12.095815684170532, 8.962672046472676, 5.421744659668391, 3.1179109506174285, 3.3632662926157053], "$Q_W$": [10.820798770929269, 37.146651810772866, 62.37744149431009, 66.38388272885716, 52.703228819277854, 44.18509442985682, 34.544674923821674, 25.703542777369066, 17.787213625371095, 12.264432307615238, 9.050918553467355, 5.501602991718343, 3.081879984885191, 3.2670718038343978], "$Q_S$": [10.920618787553346, 37.76043352899657, 62.84630464838854, 66.6027268357312, 53.25203365015453, 44.60169148375636, 34.55158394247201, 25.928966518004017, 17.79668842545523, 12.17921697680336, 9.113864784087923, 5.4987963401163, 3.10912667993135, 3.348998764177253], "$Q_E$": [11.153460439218913, 37.47289769940011, 62.372044970465396, 66.82248659725418, 53.5504141677948, 44.59028005391044, 34.52368330470645, 25.87320124766873, 17.670460871593164, 12.06178234802951, 8.966032606235103, 5.453050057769829, 3.081116239810214, 3.3602540337941065]}, "dEta_3_Xhh_1": {"nom": [5.128064477475146, 21.221556583708495, 40.67379561973512, 53.620167973309734, 54.30605500604135, 45.630203632205905, 33.993863210931465, 26.894523007700798, 20.491366977988605, 13.865621434293189, 9.166216847394708, 5.60375797980231, 3.8308610834826595, 5.305241987792897], "$Q_N$": [5.081210705720739, 20.573961363292685, 39.95298311255911, 53.57254395238878, 55.02287756344836, 46.134040487660386, 34.42202952645604, 26.9317236677108, 20.61007242886805, 13.81227986871231, 9.2077072057549, 5.597079838009336, 3.872483928361845, 5.3420983163236], "$Q_W$": [4.703204311365126, 20.41420324076642, 40.33890033545335, 53.96689941940137, 56.69411573775862, 46.39668874943041, 34.31288250704652, 27.11714384385374, 20.342230993299353, 13.869183175866965, 9.116151766823634, 5.619861038062808, 3.868665988423814, 5.3701631764783855], "$Q_S$": [5.161678608049882, 20.768656112978128, 40.600958450714664, 54.863309956848624, 55.24230307063643, 46.50665231334849, 34.63401677278767, 26.987401648979855, 20.474168545859207, 13.684005740395193, 9.102756521736055, 5.668327387472829, 3.8654172811412764, 5.405215080744767], "$Q_E$": [5.006072195479645, 20.590788834482947, 40.09828342047037, 53.899043357976396, 55.87741249961044, 47.077108649986926, 34.60792653182384, 27.26897332661956, 20.51029408953245, 13.792946381824692, 9.03747550562342, 5.5920822287179135, 3.799138412114715, 5.355385969895224]}, "dEta_1_Xhh_2": {"nom": [32.00566337443823, 89.13310718996496, 134.84940939715224, 126.39323390803872, 109.1443352860909, 80.0536392316003, 62.91909717735723, 43.391211444214264, 29.615403925179066, 18.357143797994695, 13.457703908091275, 7.157941574936558, 4.706565497760607, 5.410819696488488], "$Q_N$": [32.064022230614384, 87.44699995222702, 132.48135636452264, 125.86601452063279, 108.64908098233946, 78.8215617379995, 61.30036055182018, 42.50752757440699, 28.74292468603784, 17.980686142132242, 12.824244950116878, 7.208745363517096, 4.718178380766375, 5.449880621786775], "$Q_W$": [30.742052304525885, 88.28639128631977, 134.35586507448738, 125.47525951277633, 108.00006222583336, 79.34277606610831, 61.91717348400812, 42.91489964686534, 29.459162402071314, 18.21188932769104, 13.474923547342911, 7.217089667334363, 4.660160394014866, 5.424165295842272], "$Q_S$": [31.813171793725708, 90.09527316531788, 137.07529300663884, 127.43925205748053, 109.33075702953126, 79.4193398659986, 62.073321692818084, 42.9224327621405, 29.18110944445698, 18.276221247332217, 13.436246324139063, 7.186994575442782, 4.6799889498852565, 5.415497277454534], "$Q_E$": [31.90755161404968, 88.50361232282172, 135.8945580127087, 128.3513041731584, 110.15642956229547, 79.64321658252496, 61.57430037999001, 42.060043437532244, 28.666814617103938, 17.879276579752855, 13.075724573758379, 6.946691998944999, 4.681650694975929, 5.362164600858051]}, "dEta_2_Xhh_2": {"nom": [22.251324883997494, 64.12375109656962, 107.65551658203196, 119.39036325564618, 109.60436673101856, 81.82208786704086, 64.92859621592879, 48.98291370740594, 34.577006619989334, 22.0673643908068, 15.5126182246305, 8.939376789657445, 5.768877109741311, 6.512415219764534], "$Q_N$": [22.73725937193406, 62.30543758089195, 105.8938821821172, 118.50263667275402, 109.34041841511555, 81.16301207549874, 64.92727192750564, 48.44321128472643, 34.1204081828773, 21.815625312586832, 15.421597472646141, 8.977893022101398, 5.772102768824112, 6.4995160032777335], "$Q_W$": [21.142755333507253, 62.86840037195186, 107.3792494672328, 119.5475459782582, 109.5281210282503, 81.55374958798085, 64.73431025594256, 48.46168423335823, 34.17226707798409, 21.963918769644692, 15.467639537165212, 9.013238589378005, 5.898860533511993, 6.577932336117755], "$Q_S$": [21.70708118226242, 64.17191415665053, 110.01283852448528, 121.13015249343464, 110.65209427504053, 82.1499097396983, 64.85761033711258, 48.552492293713414, 34.30491563780866, 22.014198992599646, 15.418368572961242, 8.936463930797316, 5.833887281774338, 6.534501647887765], "$Q_E$": [22.121972325951933, 64.0033724036448, 107.52235011263815, 121.19896805664803, 111.78252161037814, 82.3855377463009, 64.213167632014, 48.39005613719186, 33.749461408503294, 21.36254990772619, 15.215274603672412, 8.811528757993244, 5.788993974644995, 6.540618865709632]}, "dEta_3_Xhh_2": {"nom": [11.976158793566416, 33.21193214170347, 69.82049842205043, 93.0074713649279, 98.79713362429524, 82.32505120523308, 65.19531088731298, 49.07545023881198, 38.127085873704345, 27.8735885595446, 17.443066363473918, 11.710112131009737, 7.729422649303615, 12.09286064644482], "$Q_N$": [11.667192137515334, 31.641664883239702, 67.15780747909201, 91.77961721141814, 99.41861715587649, 83.05485352196398, 65.76389364142018, 49.31153146723338, 38.29920457169294, 27.698843091747477, 17.29080287930313, 11.770783368432404, 7.700034226583853, 12.22075265968769], "$Q_W$": [11.373508991145968, 31.97014234422674, 68.9893510734475, 93.47747641879475, 99.83219656451294, 82.88980264059103, 65.24292614763937, 49.30023560168706, 37.96908950318294, 27.975122072986466, 17.459961554454537, 11.748647724883824, 7.866134645003854, 12.12402290379589],