{"dEta_1_Xhh_1": {"nom": [28.014155180818353, 105.46280901012359, 171.91010176081744, 158.04041362356588, 137.268207385697, 92.35545965845643, 70.54327307302924, 53.01900957259659, 38.9904344278375, 27.902630212323288, 19.512101926466585, 11.101171787734188, 7.507340076047967, 7.424845933577444], "$Q_N$": [27.738839971843976, 103.80598926860353, 168.3614831476471, 154.8873789773756, 136.44200662956592, 92.46274561181062, 70.86289114475886, 53.426766443299925, 38.73329682318584, 27.83964552286855, 19.513104712255767, 10.844205600007456, 7.314762592673105, 7.1324636634641365], "$Q_W$": [27.927492843891194, 103.93181288202564, 169.72476975406045, 157.79155202349517, 136.81788760463542, 93.26542996631522, 70.91581026822453, 53.194313222425336, 38.76021404091742, 27.8577897535246, 19.22005505222694, 11.204841516885722, 7.2504427718503734, 7.1873124456454605], "$Q_S$": [27.652842939031995, 105.08202783427583, 171.88287795120883, 158.58832705134222, 138.2417059151561, 93.630136065008, 70.6297827526291, 52.85807204608983, 38.957454523661795, 27.584624811001106, 19.275961723627034, 10.866215678476834, 7.3881171803651, 7.03806278727177], "$Q_E$": [27.87078877963141, 104.6961042402363, 169.93186240347825, 157.01961268612382, 137.42992875398573, 92.52672407258598, 70.71616713899937, 53.03979634605892, 38.707124704411655, 27.593633800572064, 19.17017279622101, 10.884786184466009, 7.19968427095489, 7.037245421259598]}, "dEta_2_Xhh_1": {"nom": [18.109541212103295, 78.73067931984156, 141.48590998570774, 157.50083468954688, 145.9819545664086, 102.98135416006426, 74.20164578183835, 61.73950663002847, 41.729638255671034, 31.696854008477317, 21.711996655235453, 13.102058602649777, 8.826642553910801, 10.667546403052711], "$Q_N$": [17.700480879566268, 78.31268152365826, 138.9218376751827, 155.25441862308432, 143.68382895429897, 101.757586444905, 74.03195847496403, 61.3471689605816, 41.641463608092835, 31.573107137230608, 21.571124065762064, 13.015283591593771, 8.68319500016517, 10.365343095592692], "$Q_W$": [17.353337201442788, 77.91159746765344, 139.83883112245886, 157.58130435025856, 144.94349174867324, 103.29533451982167, 74.70370054813574, 61.65448905629333, 41.78709966056368, 31.436452837053167, 21.417825333165894, 12.984787285261717, 8.569990358846326, 10.407223361546471], "$Q_S$": [17.767495296360252, 78.27954274381571, 141.15860930117225, 158.00812334163518, 146.6055703932699, 103.64671944310459, 74.50354627649153, 61.61319660629027, 41.66691456228949, 31.575067485578558, 21.669886824866865, 12.839642955378423, 8.578412678606469, 10.346261596772791], "$Q_E$": [17.927514109746674, 77.8310692469551, 139.0177334590038, 155.38509579798045, 146.09631188533933, 102.69099924847382, 74.2039008769971, 62.03837765173239, 41.5233650729478, 31.299442878955574, 21.265017792515067, 12.85563775964016, 8.58806597327117, 10.268278352524561]}, "dEta_3_Xhh_1": {"nom": [14.545564649998763, 42.101920009980645, 94.16734771937756, 128.07397528002315, 140.27084346949073, 114.77175962167775, 91.19473525392289, 63.14363795757106, 46.08383722596159, 35.21215318520069, 25.08313366989489, 19.101842085324392, 12.695262203901848, 17.373755877707026], "$Q_N$": [14.269902544329812, 41.18122722605716, 92.18527013397171, 124.68783284786596, 137.31821842270276, 113.17705188286843, 90.00074497676934, 61.98281186427869, 45.70959235895404, 34.80556088924885, 24.871175700773705, 18.94432577142112, 12.50271940718119, 17.08200392269157], "$Q_W$": [13.995059102329185, 41.26046651764227, 92.63590187072893, 126.28353243653103, 139.04673061419675, 113.97616263846999, 90.67034222915008, 63.182635881490796, 45.7139489746894, 34.893632562734524, 25.077700053002815, 19.17853827061782, 12.578640541883289, 16.84890549481935], "$Q_S$": [14.088228985288826, 41.423997598990226, 93.07141848631082, 127.94594849721591, 139.87973341588182, 114.63434774719377, 91.21946105982887, 62.536568014905754, 45.8795422061136, 34.96700019393003, 24.91654865639714, 18.949290575865007, 12.567531112174066, 17.15633839944806], "$Q_E$": [14.154864813104144, 41.42754798399331, 92.88844687029771, 125.06555345916293, 138.011219334648, 113.02730819293058, 91.53159572254268, 62.296732413560136, 45.329380214006676, 34.61625395747413, 24.691056478683606, 18.8455780491407, 12.375183326571715, 16.932622362438025]}, "dEta_1_Xhh_2": {"nom": [73.07739873838457, 189.94195644613453, 306.90198245795636, 301.6093850182074, 247.0646137367669, 183.92639455569747, 135.43150941897306, 106.57190492372911, 72.9708644435807, 50.16747340126426, 33.651787806510356, 21.454968670675044, 13.712717216250894, 14.833088905048498], "$Q_N$": [72.73129704635059, 186.40333788155726, 296.2109501020875, 292.661278470792, 242.64391430223353, 181.94928188976752, 135.70193094478128, 106.9610817078555, 73.98843557951449, 49.86964858738486, 33.17171215744793, 21.117166673924373, 13.464842049765082, 14.376831545420089], "$Q_W$": [70.40079166948954, 187.24186610849273, 304.34205798767755, 301.88703845943144, 248.099216117863, 185.6742849542839, 136.50635474375537, 107.06982134079323, 73.14913184779448, 50.06224644973736, 33.4176425407818, 21.04929834760304, 13.430487011324317, 14.402108095712265], "$Q_S$": [72.6138616931294, 191.01031318584174, 309.0134392710685, 303.7273131460506, 249.30432188859805, 185.4179942563361, 136.25557713889577, 106.663381343217, 72.76748257593681, 49.93185213525163, 33.330590988736105, 21.250859583520764, 13.348517601245078, 14.362304342034577], "$Q_E$": [73.08283132589682, 189.0905440579417, 302.99663138397614, 296.87880304739383, 244.82012991205886, 182.6555448006538, 135.09402023823395, 106.33790245710071, 72.52232908902312, 49.66123621341319, 33.324495542397074, 21.022098117018572, 13.358840835454998, 14.217412465160919]}, "dEta_2_Xhh_2": {"nom": [42.77710117819903, 125.75678405646995, 260.12513643498914, 290.1562352582455, 267.17914500536995, 197.3960053779481, 144.34342259722575, 112.809225205149, 82.91836957207488, 63.4249731638356, 42.537015926864115, 25.433066738038633, 16.944287690108013, 18.507275699132606], "$Q_N$": [42.495727830179554, 123.76834111544875, 253.63757072298415, 279.6333247490776, 259.0207780318147, 193.53048028701744, 143.14561571042282, 112.83404451669372, 82.83437799190551, 63.479425637345514, 42.57189339198993, 25.02393322866351, 16.618754054497003, 18.05814561919931], "$Q_W$": [41.19419336634073, 123.80627256638988, 257.18427344236324, 288.12400766184936, 267.0838832698796, 197.3060103785828, 145.23864354722969, 113.07200464379275, 82.87021571867285, 63.494727748260914, 42.31171247715423, 25.136834428390614, 16.673914120007453, 18.070615823637866], "$Q_S$": [41.93881753684741, 126.68336167080696, 261.45690486209804, 292.84303978544165, 270.56858204438936, 198.25243147243955, 144.21357007162416, 112.56904324121217, 82.69367136202084, 62.86744280942918, 42.011464935581444, 25.096524832594525, 16.54754450337498, 18.074567241529905], "$Q_E$": [42.7291066655518, 126.52392839062976, 257.34974584977454, 285.55549930908154, 263.7005929185259, 195.00481618280557, 143.2762605944559, 113.5128324430541, 81.75739300066772, 62.4044868395319, 42.236902785954555, 24.95608882038306, 16.588301323876976, 17.686648479667383]}, "dEta_3_Xhh_2": {"nom": [21.673318833746265, 78.34753696155408, 157.39449451832712, 235.94973267669883, 261.5214954547357, 226.72136165964866, 178.37882845640752, 127.92423635201067, 97.24032743807857, 67.13502156710274, 48.038183741012745, 32.1360029792138, 22.514593884102396, 32.45815213562037], "$Q_N$": [21.493304870826723, 76.89329983066554, 152.50363379020766, 228.04695461497192, 251.7691594561049, 219.8371496156198, 173.201851597505, 125.1935569356101, 95.78845571272296, 66.1496465160186, 47.54962177167846, 31.9608397595303, 22.361075956544255, 31.824172617617137],