{"dEta_1_Xhh_1": {"nom": [16.409930685264296, 49.88594806248027, 72.07177344972534, 62.69686867721782, 52.87573314340139, 41.992394303765394, 31.213769810401914, 22.90196677213754, 14.200752827771169, 11.019833798320633, 6.950945651537381, 3.46543511251798, 2.688727232414635, 2.5921521509691843], "$Q_N$": [16.237038105083435, 49.07647904610033, 72.75979779833607, 63.20674554353673, 52.84614037924649, 41.986983514995046, 30.981175348312448, 22.868842105468133, 14.144786456501151, 10.99869776993593, 6.860405051186035, 3.438577971934251, 2.722906123010546, 2.6040798626513038], "$Q_W$": [16.01853300287189, 49.72715976722937, 72.67615866295102, 63.21891589552793, 52.79471048810555, 41.709011473424994, 31.217105697132553, 22.733046219184885, 14.063826144225246, 11.02137379172936, 7.012105989942, 3.4813333744745734, 2.680515189820383, 2.591576858132669], "$Q_S$": [15.890373235366964, 50.706342465438475, 73.47729235217051, 63.633812281324204, 53.35583770259964, 41.914742510035694, 31.12110018540875, 22.742407772631566, 14.158129635124595, 10.929945480521525, 6.979493325970111, 3.4889796420971777, 2.7137760321065514, 2.587179499009423], "$Q_E$": [16.27534531385492, 50.03389966162385, 73.67415397272921, 64.1477658219022, 53.24136844570654, 41.83552077893248, 30.842627787634925, 22.687358984249798, 14.008545604759547, 10.681980477521094, 7.00094073232583, 3.4902991981039264, 2.6071744967845945, 2.5948116182531606]}, "dEta_2_Xhh_1": {"nom": [10.917896803683858, 37.68497509314001, 61.266951336819545, 64.32786622711296, 52.14902319108654, 43.92938080848339, 34.300100926137304, 25.646237848934618, 17.45855159627382, 11.963536844418115, 8.93358710605986, 5.485318761149074, 3.030071275047135, 3.4376981650365224], "$Q_N$": [11.075509884485745, 36.7233862004917, 60.56337038099858, 65.4983228908317, 52.49100957390777, 44.31788909367885, 34.69231192623964, 25.61117874720449, 17.56853720515086, 11.88546775942224, 8.85879250957764, 5.390719172997905, 3.136509265894162, 3.419877030595444], "$Q_W$": [10.392951626826811, 36.87810628814767, 61.60260369292538, 65.97602330321332, 52.30438552712357, 43.894072164721564, 34.184319262933585, 25.517075910942168, 17.422068822855962, 11.894233595517434, 8.831511047071388, 5.51554461203861, 3.057994295249941, 3.378914917010391], "$Q_S$": [10.502558788421108, 37.53806661441135, 61.960720213074424, 65.64521484464844, 53.0032252315539, 44.2170988272881, 34.35122981402696, 25.52159443247021, 17.397810039628013, 11.891718880605154, 8.926354962299257, 5.490005039278245, 3.032132733931661, 3.4412463315017163], "$Q_E$": [10.746800741555598, 36.89412105328582, 61.57046594829599, 65.86598033034788, 53.50970854686501, 44.50352349722652, 34.31126216473906, 25.76128631129474, 17.28609993821817, 11.858292317699366, 8.819363106657832, 5.5064361965449535, 3.0127785302202454, 3.4220625572178562]}, "dEta_3_Xhh_1": {"nom": [4.882164297540538, 20.654964773958582, 40.37886566768756, 52.981175789182586, 53.400809400243915, 45.124451390659544, 33.485697268113285, 26.587669121853963, 20.576983032761348, 13.635556671657298, 9.065936635645528, 5.526723407012355, 3.810957561369605, 5.496494223870457], "$Q_N$": [4.835001630168144, 19.999250196182736, 39.38587828855503, 53.07303921094343, 54.31727009659132, 45.90181903522264, 34.222167581163966, 26.899687819074572, 20.696067834555024, 13.717721862523007, 9.150226213439481, 5.542461216366391, 3.866228477318799, 5.515058235818202], "$Q_W$": [4.463942192303711, 19.900850614412978, 40.13269644367945, 53.40852938078311, 56.025709683289776, 46.112511678968865, 34.12296767850737, 26.887219677208975, 20.49649480820065, 13.663249686996949, 9.046896637497582, 5.513225615930708, 3.8006431814384882, 5.488210763640637], "$Q_S$": [4.974351827564372, 20.272556320447503, 40.37989190362523, 53.87674760012589, 54.604772546924025, 45.984760800276504, 34.15532590193528, 26.879976590264775, 20.689366445835944, 13.458449789240234, 9.010244849943192, 5.6446450397263845, 3.8525847880883077, 5.490458474419356], "$Q_E$": [4.774833712870807, 19.996043221232398, 39.82003795643236, 53.31441901039331, 55.20886006108829, 47.13282532164305, 34.45833271449661, 27.232792648909594, 20.73820171949201, 13.704973596788605, 8.950003891570688, 5.533794207944567, 3.768474011707255, 5.481985829985447]}, "dEta_1_Xhh_2": {"nom": [31.379647813623112, 87.66216499075365, 133.1717250253073, 124.70695038498795, 108.2664280126753, 79.30191564223355, 61.94742841890468, 42.11790889089343, 28.424532534841546, 17.58280364794848, 12.995477505799045, 6.87539326135709, 4.671782616514747, 5.683428925372823], "$Q_N$": [31.7913182748945, 86.29050767855435, 131.23047045300888, 124.9902034776382, 109.02080659806087, 78.71423906819302, 61.106897382694115, 41.82695387747833, 28.028178316344054, 17.45564295122398, 12.730748888807085, 6.961347889326021, 4.70149972024538, 5.621810875987904], "$Q_W$": [29.87892572601301, 87.3956720725063, 133.2325133417245, 124.44018285827389, 107.55559555852821, 79.072870897162, 61.41837455620248, 41.95854051561989, 28.519616373300636, 17.530799488685318, 12.991521352174203, 6.934753558722434, 4.577354786191734, 5.551835823111162], "$Q_S$": [31.120198372787932, 88.81171823644189, 135.36033338055844, 125.95766937363543, 108.51069367330818, 78.85430689191219, 61.2145585029496, 42.05191309586647, 28.262118430580898, 17.687064338451563, 13.008773631932996, 6.9274732263255885, 4.635499107774621, 5.645412623809477], "$Q_E$": [31.243155508827403, 87.14293854246566, 134.4020977726607, 127.14558727835646, 109.74378356768695, 79.53237798761, 61.480576769639185, 41.892194286005065, 28.142235893955217, 17.42143981760742, 12.816231358629977, 6.835686202644979, 4.632196086812314, 5.67698658333336]}, "dEta_2_Xhh_2": {"nom": [21.91915262560166, 63.1641120942649, 106.8857995732114, 118.55087674305202, 109.13719052439689, 81.04354419627202, 64.27653694184323, 47.98509916994078, 33.668592917805654, 21.331894641857616, 15.048844409440676, 8.708414961783319, 5.781131070505808, 6.699526939442876], "$Q_N$": [22.023710296007835, 61.07121235612584, 105.00300151781312, 118.3570015821537, 109.53418773919479, 81.1783180800413, 64.61143440064049, 48.1541336373798, 33.623847285031246, 21.28892270325477, 15.053723671668536, 8.847607803218835, 5.7401442757214625, 6.595701848447192], "$Q_W$": [21.016917461886322, 62.56585887718849, 106.90434324269123, 119.09191404980433, 109.19694616692247, 81.15437434249118, 64.3374189180304, 47.65587861699893, 33.419228561172815, 21.332442076044515, 15.07845091441547, 8.772389094089135, 5.860778893525605, 6.763097520892046], "$Q_S$": [21.355548026286044, 63.17763669928861, 108.96831654903733, 120.18674335309541, 110.16347088319502, 81.47696375110209, 64.41609539413047, 47.802642156749954, 33.66373470014318, 21.37808374993071, 15.004732044562132, 8.69664489497444, 5.761787289196889, 6.616537002020777], "$Q_E$": [21.75843708559424, 62.99230405976553, 107.2550779934833, 120.48448745809728, 111.84695291026408, 82.09086372474309, 64.35295249838481, 48.09271772476643, 33.5132825024871, 21.030955773090426, 14.983706272689034, 8.652338163428851, 5.8553727524947305, 6.649551357198419]}, "dEta_3_Xhh_2": {"nom": [11.60205832928181, 33.01739106903253, 69.67564018727907, 92.27301864670079, 97.86481481524737, 81.82012038998283, 64.08549933322519, 48.46861630913162, 37.755047424402505, 27.82287257999917, 17.319661333581507, 11.583482415554386, 7.791026248789649, 12.604503267922837], "$Q_N$": [11.273359574410126, 31.302800428422266, 66.60247282930351, 90.9685443321165, 98.97419990396986, 82.79447211807599, 65.06676975336343, 49.01913044194538, 37.97948288503562, 27.70308110349029, 17.179771882234263, 11.592980758756795, 7.760899658490558, 12.559492689818029], "$Q_W$": [11.112803058539576, 31.582673548664914, 68.6888782253482, 92.95197527391232, 99.16051940223132, 82.54280668460999, 64.53229561810582, 48.85132971000924, 37.694614155833676, 27.84191244545201, 17.33091471029263, 11.588482339461649, 7.855532471247642, 12.536055826097225],