{"dEta_1_Xhh_1": {"nom": [23.662107544519795, 60.94727800855985, 98.15700315028155, 87.1525841540298, 80.8725393041156, 57.876322460511915, 43.379223628657144, 32.64875575934008, 26.34758388695809, 18.944393332246705, 12.876513208389156, 8.882423439555055, 4.936694633137904, 5.503653674170096], "$Q_N$": [22.84994037343351, 59.44011026145273, 96.32763276920443, 85.54652987986893, 81.31147667161385, 59.055299519013815, 44.72183654555673, 33.4068404115268, 26.751588745211166, 18.90617681452889, 12.70683183876045, 8.865195341300847, 4.838486155885022, 5.357286100621735], "$Q_W$": [22.79119807175914, 59.374961120059766, 97.1330670483294, 87.1714215561173, 81.89288023424074, 58.65579412541716, 44.3223408360426, 33.31110772620062, 26.66777592891394, 19.03435661853132, 12.844904888984445, 8.846368289318292, 4.876692775385322, 5.392687749581029], "$Q_S$": [22.840904813282858, 60.6009969469916, 97.95015564892347, 87.64364859240277, 82.74295344789962, 59.217083910785234, 44.3783254105151, 33.245838917372694, 26.674863803456887, 18.968437375160363, 12.823933938161758, 8.823917260244158, 4.81337185215547, 5.268085302431956], "$Q_E$": [22.956386644457005, 59.55962203797812, 97.99885198181322, 86.203891436404, 81.99904958678077, 58.90758157655223, 44.83650715675009, 33.41230986557639, 26.718706985821797, 18.922342081217977, 12.864544883698073, 8.683250006247334, 4.858377607722389, 5.224076536854284]}, "dEta_2_Xhh_1": {"nom": [8.502436229283719, 44.027736218264344, 75.80201272847592, 87.27808405738605, 80.12277802569608, 59.39977143270579, 43.72478483010207, 35.42773714076287, 27.615996850115323, 20.589045518832563, 14.944747739387935, 12.201761609765072, 6.823877327986281, 9.32333226969854], "$Q_N$": [8.136185589682063, 42.664754710986216, 74.48006807139436, 86.77416361762465, 80.15089969843632, 60.31054606934562, 44.72889928614397, 36.70371872486919, 28.32349926817642, 21.049050338310153, 15.009461665502641, 12.233666434339284, 6.726189981547321, 8.79154411453959], "$Q_W$": [7.774541115805094, 42.948368992917636, 75.02043939205834, 87.02812626262647, 80.784818031854, 60.36541149052401, 44.88194015966022, 36.44135067144137, 28.223260490234367, 20.90313371590591, 14.971204837581283, 12.152974642153723, 6.755457104047736, 8.939077648138209], "$Q_S$": [7.907674685777341, 43.1234045134771, 75.51282858050403, 87.88581703934142, 81.36995725687936, 60.62076397205544, 45.096503201904824, 36.23593085922673, 28.171857969643852, 20.78450293811025, 15.03004205045022, 11.704497333131528, 6.717919023977174, 9.047711743186198], "$Q_E$": [8.310263190227342, 43.41816536111202, 75.04530042100365, 86.66170566953144, 80.45840304683632, 61.46292903278528, 45.23711184928605, 36.70531905020354, 28.262637743996322, 20.912903274927885, 15.040001761854796, 12.145350505662066, 6.720728047243426, 9.145340077177963]}, "dEta_3_Xhh_1": {"nom": [5.948687407306806, 23.582643098530493, 49.053151139500144, 65.90312314863932, 77.08592267997994, 64.85616251931899, 44.83771351845644, 34.48517109193108, 27.714175377006995, 24.305296740518315, 18.19419097834185, 12.619421085593672, 8.930473988617337, 13.97002134698863], "$Q_N$": [5.490885986578281, 22.726020792113957, 48.443357371984206, 65.46965484313694, 77.17964666527956, 65.75947468695088, 45.79345884941743, 35.7476674593445, 28.690064551933688, 25.085037249205456, 18.528220184599093, 12.776707244462244, 8.935613330881154, 13.681269732075037], "$Q_W$": [5.393171974725005, 22.749671352119098, 48.62587235061001, 66.39728524624502, 78.44497167653755, 66.01661790745642, 45.91723667003524, 35.519124483004006, 28.819858663448485, 24.961445788893386, 18.702975032461282, 12.781833721450496, 8.963805247911537, 13.543860014904041], "$Q_S$": [5.39458608165458, 23.061027569372044, 49.35053185570152, 66.83023613773534, 78.24427615717727, 65.98665525204065, 46.085166097262665, 35.795916527522266, 28.479103664839997, 24.85008774407335, 18.532547542299355, 12.8110233804139, 8.804434609166904, 13.713499127049587], "$Q_E$": [5.787161754984783, 22.75548212814742, 48.79376808150598, 66.51200049742319, 78.60526968789716, 65.64832613603657, 46.44034143164055, 36.041213552064875, 28.963361548159, 25.0305586014493, 18.54173653510179, 12.720198629885488, 8.86664716243915, 13.68855295770156]}, "dEta_1_Xhh_2": {"nom": [36.75069598615819, 100.15451271623839, 162.58395549909062, 173.32296900233035, 139.1208460512239, 105.7191635837197, 82.61637215443193, 63.28346047417017, 47.81311405437657, 36.42622862126143, 25.867223242926798, 16.659405129980314, 9.12401918234832, 10.800243925860514], "$Q_N$": [35.5685504482139, 95.96452022146003, 157.317419943837, 168.36131515454457, 137.2298192681246, 105.9749236582476, 84.92703675034008, 64.79914439662073, 48.75132465885247, 36.68522479176801, 25.971976235695138, 16.456583250704227, 8.993985386854206, 10.342969729279844], "$Q_W$": [32.715483168475025, 97.90409330599164, 160.99881445381868, 172.76379287740383, 140.0638747809171, 107.13182096810732, 84.71733898225682, 64.42289772908148, 48.0990474967887, 36.24517659026799, 25.811682255526108, 16.340976227048998, 8.949018805393052, 10.446671022761109], "$Q_S$": [36.22262667513048, 100.49928134478992, 163.37548578304987, 175.78310643408102, 141.07526490419514, 107.56439897060854, 84.23655644200198, 64.24227426318919, 48.111167742198035, 36.51947776157246, 25.303503410884645, 16.342821356597426, 8.892663938092369, 10.51854920983294], "$Q_E$": [36.532484824778, 99.25277678292959, 160.2962336536149, 171.39682997214948, 139.28242902965954, 107.24349556577104, 84.96598882456064, 64.7467417431453, 48.41398059145871, 36.17872111572754, 25.50601084644154, 16.36426464235592, 8.874057335683062, 10.210613821797097]}, "dEta_2_Xhh_2": {"nom": [28.40336251782369, 71.42395334478078, 139.10065787183186, 160.1236250240145, 145.07064251306167, 114.08847819661275, 83.74958410030945, 71.08050743850924, 53.670319281687284, 42.40127410583489, 30.545205917871726, 19.276136576243175, 12.180976866239007, 14.539568885207018], "$Q_N$": [27.49349934410954, 68.08468906387469, 135.1645536832046, 156.53725236309356, 143.3496529005193, 114.9264031517009, 85.040088738777, 73.63777312679133, 55.24877097744431, 43.231106082450225, 30.65222428786666, 19.322084740805053, 11.908966627687846, 13.96998562214884], "$Q_W$": [26.157907256393322, 69.6997237078823, 138.25260230813504, 159.27246057265103, 145.2145761456137, 115.12714902558466, 85.40451032927649, 72.42486048921984, 54.602845087142754, 42.52031318243846, 30.66769726078553, 19.08679639323188, 12.068079042941974, 14.073566701027971], "$Q_S$": [25.0110678435275, 71.27082603140391, 140.53855394962682, 162.34146239964468, 147.65594666124076, 116.54341630242205, 85.82101420035758, 72.36830343273772, 54.51925275279791, 42.58052281391312, 29.997903360660047, 19.074607031923023, 11.94914512277387, 14.134816825354903], "$Q_E$": [28.123635170852157, 70.42781132074467, 138.66377677691887, 159.55149010006687, 145.54823642955608, 115.76087425917945, 86.43066337841577, 73.43948056529382, 55.06661783750707, 42.78054570877856, 30.405354847413037, 18.899452310525987, 12.003302817668327, 14.050264088660242]}, "dEta_3_Xhh_2": {"nom": [17.075491873413558, 40.72372019559653, 85.97296264481986, 120.70937007589527, 135.191398959261, 120.86539702690561, 91.85805475176221, 78.97963794605766, 54.41840838322287, 46.13523014938164, 34.41833162426394, 24.286115390116038, 15.298294796145, 23.61164736356352], "$Q_N$": [16.538790565102534, 38.12055990107535, 83.90917343261071, 118.03076946054806, 134.6569225344523, 121.09854341803569, 93.13625010689896, 83.32635288774392, 56.78202152663545, 48.08231676556457, 34.99594941254398, 24.523008365602976, 15.368829512514253, 23.354704715709886], "$Q_W$": [13.438820671881734, 39.34440420190086, 85.9406266146079, 120.90896293545734, 136.32565516764345, 122.26588770191931, 93.44554304176448, 80.79442715682671, 55.67953372017004, 46.84958636642469, 34.88970468493986, 24.47451044026954, 15.1591891258322, 23.335873711468253],